-- phpMyAdmin SQL Dump
-- version 5.1.1
-- https://www.phpmyadmin.net/
--
-- Host: 127.0.0.1
-- Generation Time: Dec 10, 2021 at 08:38 AM
-- Server version: 10.4.21-MariaDB
-- PHP Version: 8.0.12

SET SQL_MODE = "NO_AUTO_VALUE_ON_ZERO";
START TRANSACTION;
SET time_zone = "+00:00";


/*!40101 SET @OLD_CHARACTER_SET_CLIENT=@@CHARACTER_SET_CLIENT */;
/*!40101 SET @OLD_CHARACTER_SET_RESULTS=@@CHARACTER_SET_RESULTS */;
/*!40101 SET @OLD_COLLATION_CONNECTION=@@COLLATION_CONNECTION */;
/*!40101 SET NAMES utf8mb4 */;

--
-- Database: `hotels_packages`
--

-- --------------------------------------------------------

--
-- Table structure for table `hotel`
--

CREATE TABLE `hotel` (
  `ID` int(11) NOT NULL,
  `Name` varchar(50) NOT NULL,
  `Rating` float NOT NULL,
  `City` varchar(30) DEFAULT NULL,
  `State` varchar(30) DEFAULT NULL
) ENGINE=InnoDB DEFAULT CHARSET=utf8mb4;

--
-- Dumping data for table `hotel`
--

INSERT INTO `hotel` (`ID`, `Name`, `Rating`, `City`, `State`) VALUES
(101, 'Papaya Tree', 4, 'Jaipur', 'Rajasthan'),
(102, 'Vesta Palace', 3.5, 'Jaisalmer', 'Rajasthan'),
(103, 'Saraifort Sarovar', 4.5, 'Bikaner', 'Rajasthan'),
(104, 'Regenta Central', 5, 'Udaipur', 'Rajasthan'),
(105, 'Hotel Rajbagh', 4, 'Jodhpur', 'Rajasthan'),
(106, 'Jungle Lodge', 3, 'Ranthambore', 'Rajasthan'),
(107, 'Hotel Sterling', 4, 'Sariska', 'Rajasthan'),
(108, 'Rising Sun Retreat', 5, 'Mount Abu', 'Rajasthan'),
(109, 'Villa Keoladeo', 4.5, 'Bharatpur', 'Rajasthan'),
(201, 'Ginger Goa', 4, 'Margao (SG)', 'Goa'),
(202, 'Blue Corner', 4.5, 'Benaulim (SG)', 'Goa'),
(203, 'The Park Calangute', 5, 'Calangute Beach (NG)', 'Goa'),
(204, 'Holiday Inn', 3.5, 'Panaji (NG)', 'Goa'),
(205, 'Casablanca Resort', 5, 'Baga Beach (NG)', 'Goa'),
(206, 'Hotel Lucky Star', 4, 'Colva Beach (SG)', 'Goa'),
(207, 'The Postcard', 3.5, 'Velha (NG)', 'Goa'),
(208, 'The High Tide', 5, 'Palolem Beach (SG)', 'Goa'),
(209, 'The Sandy Shack', 4.5, 'Anjuna Beach (NG)', 'Goa'),
(304, 'Hotel La Revival', 4, 'Khandala', 'Maharashtra'),
(305, 'Serenity Resort', 4.5, 'Lonavala', 'Maharashtra'),
(306, 'The Orchid', 5, 'Pune', 'Maharashtra'),
(307, 'The Taj', 5, 'Mumbai', 'Maharashtra'),
(308, 'Hirakani Garden Resort', 3.5, 'Mahabaleshwar', 'Maharashtra'),
(309, 'Sai Chhatra', 3, 'Shirdi', 'Maharashtra'),
(310, 'Lemon Tree', 4, 'Aurangabad', 'Maharashtra'),
(311, 'The Big Orange ', 4, 'Nagpur', 'Maharashtra'),
(401, 'Imperial Grand', 4, 'Ludhiana', 'Punjab'),
(402, 'Lemon Tree', 4, 'Amritsar', 'Punjab'),
(403, 'The Orchid', 5, 'Jalandhar', 'Punjab'),
(404, 'Hotel Sartaj', 3.5, 'Chandigarh', 'Punjab'),
(405, 'Patiala House', 5, 'Patiala', 'Punjab'),
(406, 'Hotel Anand', 3.5, 'Anandpur', 'Punjab'),
(503, 'Walnut Grove', 4.5, 'Mussoorie', 'Uttarakhand'),
(504, 'The Chardham Camp', 3, 'Kedarnath', 'Uttarakhand'),
(505, 'Garhwali Inn', 3.5, 'Lansdowne', 'Uttarakhand'),
(506, 'Serenity Resort', 4.5, 'Corbett', 'Uttarakhand'),
(507, 'Bison House', 4, 'Dehradun', 'Uttarakhand'),
(508, 'Rio Grand', 4, 'Nainital', 'Uttarakhand'),
(509, 'Pool Retreat', 5, 'Ranikhet', 'Uttarakhand'),
(510, 'Hari Om Ashram', 3, 'Haridwar', 'Uttarakhand'),
(602, 'Radisson Blu', 5, 'Khajuraho', 'Madhya Pradesh'),
(603, 'OYO Rooms Gwalior', 3, 'Gwalior', 'Madhya Pradesh'),
(604, 'Papaya Tree', 4, 'Indore', 'Madhya Pradesh'),
(605, 'The Arihant Palace', 3.5, 'Jabalpur', 'Madhya Pradesh'),
(606, 'Jungle Lodge', 5, 'Bandhavgarh', 'Madhya Pradesh'),
(607, 'Kings Lodge', 4.5, 'Kanha', 'Madhya Pradesh'),
(608, 'Champak Bungalow', 4, 'Panchmarhi', 'Madhya Pradesh'),
(609, 'Serenity Resort', 4.5, 'Bhopal', 'Madhya Pradesh'),
(701, 'Paradise Gateway', 3.5, 'Srinagar', 'Kashmir'),
(702, 'California Houseboat', 5, 'Srinagar', 'Kashmir'),
(703, 'Green Heights', 4, 'Pahalgam', 'Kashmir'),
(704, 'Alpine Ridge', 4.5, 'Gulmarg', 'Kashmir'),
(705, 'Subhash Guest House', 3, 'Katra', 'Kashmir'),
(706, 'Hotel Samson', 4, 'Patnitop', 'Kashmir'),
(801, 'Travancore Court', 3.5, 'Cochin', 'Kerala'),
(802, 'Clouds Valley', 4.5, 'Munnar', 'Kerala'),
(803, 'Holiday Vista', 4, 'Thekkady', 'Kerala'),
(804, 'Hotel Ramada', 5, 'Alleppey', 'Kerala'),
(805, 'Waves Beach Resort', 4, 'Kovalam', 'Kerala'),
(806, 'Backwaters Retreat', 5, 'Kumarakom', 'Kerala'),
(807, 'Triveni House', 4, 'Trivandrum', 'Kerala'),
(808, 'Ayurveda Vaidya Sala', 5, 'Kottakkal', 'Kerala'),
(901, 'Sterling Hotel', 4, 'Gangtok', 'Sikkim NE'),
(902, 'Himalayan Heights', 3.5, 'Darjeeling', 'West Bengal NE'),
(903, 'Kings Lodge', 5, 'Kaziranga', 'Assam NE'),
(904, 'Lemon Tree', 4, 'Shillong', 'Meghalaya NE'),
(905, 'Hotel Aster', 4.5, 'Guwahati', 'Assam NE'),
(906, 'Hotel Park Palace', 3, 'Lachung', 'Sikkim NE'),
(907, 'Eco Camp', 3.5, 'Nameri', 'Assam NE'),
(908, 'Papaya Tree', 4, 'Pelling', 'Sikkim NE'),
(909, 'Serenity Resort', 4.5, 'Dirang', 'Arunachal Pradesh NE'),
(910, 'Hotel Pemaling', 3.5, 'Tawang', 'Arunachal Pradesh NE');

-- --------------------------------------------------------

--
-- Table structure for table `hotels_assoc_package`
--

CREATE TABLE `hotels_assoc_package` (
  `pid` int(11) DEFAULT NULL,
  `hid` int(11) DEFAULT NULL
) ENGINE=InnoDB DEFAULT CHARSET=utf8mb4;

--
-- Dumping data for table `hotels_assoc_package`
--

INSERT INTO `hotels_assoc_package` (`pid`, `hid`) VALUES
(1, 108),
(1, 104),
(2, 101),
(2, 105),
(2, 104),
(3, 101),
(3, 105),
(3, 104),
(3, 102),
(3, 103),
(4, 203),
(4, 206),
(5, 205),
(5, 209),
(5, 201),
(6, 205),
(6, 209),
(6, 201),
(6, 208),
(8, 304),
(8, 305),
(8, 307),
(8, 308),
(8, 310),
(9, 304),
(9, 305),
(9, 307),
(9, 308),
(9, 310),
(9, 306),
(9, 309),
(9, 311),
(10, 402),
(11, 402),
(11, 403),
(11, 404),
(12, 401),
(12, 402),
(12, 403),
(12, 404),
(12, 405),
(12, 406),
(13, 508),
(14, 508),
(14, 509),
(14, 506),
(15, 508),
(15, 509),
(15, 506),
(15, 503),
(15, 507),
(16, 606),
(16, 608),
(17, 609),
(17, 604),
(17, 605),
(17, 602),
(18, 609),
(18, 604),
(18, 605),
(18, 602),
(18, 606),
(18, 608),
(18, 607),
(19, 701),
(19, 702),
(20, 701),
(20, 702),
(20, 703),
(20, 704),
(21, 701),
(21, 702),
(21, 703),
(21, 704),
(21, 705),
(21, 706),
(22, 802),
(23, 801),
(23, 802),
(23, 803),
(23, 804),
(23, 807),
(24, 801),
(24, 802),
(24, 803),
(24, 804),
(24, 805),
(24, 806),
(23, 807),
(24, 808),
(25, 903),
(26, 901),
(26, 902),
(27, 901),
(27, 906),
(27, 908),
(27, 904),
(27, 909),
(27, 910);

-- --------------------------------------------------------

--
-- Table structure for table `itinerary`
--

CREATE TABLE `itinerary` (
  `Pid` int(11) NOT NULL,
  `Attraction` text NOT NULL,
  `Place` varchar(50) DEFAULT NULL,
  `Dayno` tinyint(4) NOT NULL
) ENGINE=InnoDB DEFAULT CHARSET=utf8mb4;

--
-- Dumping data for table `itinerary`
--

INSERT INTO `itinerary` (`Pid`, `Attraction`, `Place`, `Dayno`) VALUES
(1, 'City Palace, the biggest palace complex in India, where four generations of Maharajas added mansions and palaces. You also visit the museum of the palace, which includes the beautiful peacock mosaic and miniature wall paintings of Indian mythology.\r\nThen transfer to airport.', 'Udaipur', 3),
(2, 'Check into hotel.\r\nIn the afternoon, visit:\r\nCity Palace - Still the formal residence of the royal family\r\nChandra Mahal- It is presently the residence of Maharaja of Jaipur\r\nHawa Mahal\r\nJantar Mantar\r\nShri Govind Deo Temple - visiting hours 17:00 to 19:30\r\nAmber Fort for Light & Sound show', 'Jaipur', 1),
(2, 'After breakfast, Amber Fort with optional elephant ride\r\nAfternoon: take a walk through the colorful Bazaar of Jaipur. \r\nEvening: Albert Hall Museum, Laxmi Narayan Mandir\r\nRajasthani Dinner at Chokhi Dhani & return to hotel for overnight stay. ', 'Jaipur', 2),
(2, 'After early breakfast, check out & drive to Jodhpur (also known as Blue City).\r\nEn-route visit to Ajmer Sharif & Pushkar. Arrival in Jodhpur & check in hotel. Spend the evening at leisure. Dinner and overnight stay at the hotel.\r\n', 'Jodhpur', 3),
(2, 'After breakfast, local city sightseeing tour\r\nMehrangarh fort (visit Moti Mahal & Phool Mahal within the fort)\r\nJaswant Thada \r\nUmaid Bhawan Palace \r\nMandore Garden & Umaid Public gardens ', 'Jodhpur', 4),
(2, 'After breakfast, check out from the Hotel & drive to Udaipur\r\nEn-route visit to:\r\nKumbhalgarh fort\r\nKumbhalgarh Wildlife Sanctuary\r\n', 'Udaipur', 5),
(2, 'After breakfast, sightseeing tour:\r\nSahelion-Ki-Bari\r\nMuseum of folk art\r\nCity Palace, the biggest palace complex in India, where four generations of Maharajas added mansions and palaces. You also visit the museum of the palace, which includes the beautiful peacock mosaic and miniature wall paintings of Indian mythology. \r\nEvening boat ride at Lake Pichola \r\nSound & light show at City Palace\r\n', 'Udaipur', 6),
(2, 'After breakfast, check out of the hotel and transfer to the Udaipur airport', 'Udaipur', 7),
(3, 'Upon arrival check in at the hotel\r\nLater visit:\r\nCity Palace and City Palace Museum\r\nChandra Mahal\r\nShri Govind Deo Temple\r\nJantar Mantar\r\nOvernight stay in Jaipur.\r\n\r\n\r\n', 'Jaipur', 1),
(3, 'After breakfast visit:\r\nHawa Mahal\r\nAmber Fort with optional elephant ride\r\nAfternoon: Take a walk through the colorful Bazaar of Jaipur\r\nVisit a factory to see the famous block printing work\r\nEvening: Laxmi Narayan Mandir\r\nOvernight stay at the hotel in Jaipur.', 'Jaipur', 2),
(3, 'Arrival at Bikaner\r\nEarly Afternoon: Explore the city at your leisure\r\nThen visit Shiv Bari Temple and Jain Havelis, the ancient houses of the Kings.\r\n', 'Bikaner', 3),
(3, 'After breakfast, visit the Lalgarh Palace. Then proceed to Jaisalmer, which is famous for its carved havelis (grand mansions). Jaisalmer is a marvel of beautiful culture and the city is one of the most exotic cities.', 'Jaisalmer', 4),
(3, 'Sightseeing tour:\r\nJain temples and palace museum inside the Sonar Quila\r\nPatwaon-ki-Haveli\r\nGadisar Lake\r\nEvening: Camel cart ride to the Sunset Point\r\nDrive to Sam Sand Dunes and overnight stay at camp\r\n', 'Jaisalmer', 5),
(3, 'Drive to the Marwar capital city of Jodhpur Explore the textile and antique markets. Stay overnight at the hotel.\r\n\r\n\r\n', 'Jodhpur', 6),
(3, 'After breakfast, local city sightseeing tour\r\nMehrangarh fort (visit Moti Mahal & Phool Mahal within the fort)\r\nJaswant Thada\r\nUmaid Bhawan Palace\r\nMandore Garden & Umaid Public gardens', 'Jodhpur', 7),
(3, 'After breakfast, check out from the Hotel & drive to Udaipur\r\nEn-route visit to:\r\nRanakpur Jain Temple\r\nKumbhalgarh fort\r\nKumbhalgarh Wildlife Sanctuary', 'Udaipur', 8),
(3, 'After breakfast, sightseeing tour:\r\nSahelion-Ki-Bari\r\nMuseum of folk art\r\nCity Palace, the biggest palace complex in India, where four generations of Maharajas added mansions and palaces. You also visit the museum of the palace, which includes the beautiful peacock mosaic and miniature wall paintings of Indian mythology.\r\nEvening boat ride at Lake Pichola\r\nSound & light show at City Palace', 'Udaipur', 9),
(3, 'After breakfast, check out of the hotel and transfer to the Udaipur airport', 'Udaipur', 10),
(1, 'Arrival at Airport\r\nVisit Dilwara Jain Temple, Mount Abu\'s main attraction.\r\nNakki Lake, virtually in the heart of Mount Abu and is a big attraction with tourists.\r\n Brahma Kumari Ashram, a world famous religious community center.\r\nOvernight Stay in Mount Abu.', 'Mount Abu', 1),
(1, 'After breakfast, check out & transfer to Udaipur enroute  visiting the Jain temples at Ranakpur. They have been superbly preserved in a nearperfect condition for over 500 years. The most attractive features are the 29 halls of the temple.\r\nEnjoy evening boat ride at LAKE PICHOLA\r\nOvernight stay at hotel', 'Udaipur', 2),
(4, 'After breakfast, sightseeing:\r\nFort Aguada\r\nCalangute Beach\r\nBaga Beach\r\nAnjuna Beach\r\nDolphin trip and water sports at beaches\r\n', 'North Goa', 1),
(4, 'South Goa sightseeing:\r\nColva Beach\r\nBasilica of Bom Jesus\r\nShopping at Panjim\r\nLunch at Spice Plantation\r\nDudhsagar Falls\r\nCandle light dinner at resort', 'South Goa', 2),
(4, 'Breakfast at resort, then transfer to airport', 'South Goa', 3),
(5, 'Leisure Day\r\nExplore local beaches and the nightlife of Goa', 'North Goa', 1),
(5, 'Dolphin sightseeing tour early morning\r\nBreakfast at hotel\r\nFort Aguada\r\nAguada Central Jail\r\nFoot massage at Baga Beach\r\n', 'North Goa', 2),
(5, 'Water sports at Sinquerim Beach\r\nAnjuna Beach\r\nCalangute Beach\r\nSunset at Chapora Fort', 'North Goa', 3),
(5, 'Shri Shantadurga Temple in Kavlem\r\nShri Maguesh Temple in Priol\r\nChurches of Old Goa: \r\nBasilicas of Bom Jesus\r\nSe Cathedral\r\nDona Paula Bay', 'South Goa', 4),
(5, 'Miramar Beach\r\nBig Foot Museum\r\nTranfer to airport', 'South Goa', 5),
(6, 'Leisure Day\r\nExplore local beaches and the nightlife of Goa', 'North Goa', 1),
(6, 'Dolphin sightseeing tour early morning\r\nBreakfast at hotel\r\nFort Aguada\r\nAguada Central Jail\r\nFoot massage at Baga Beach', 'North Goa', 2),
(6, 'Water sports at Sinquerim Beach\r\nAnjuna Beach\r\nCalangute Beach\r\nSunset at Chapora Fort', 'North Goa', 3),
(6, 'Shri Shantadurga Temple in Kavlem\r\nShri Maguesh Temple in Priol\r\nChurches of Old Goa:\r\nBasilicas of Bom Jesus\r\nSe Cathedral\r\nDona Paula Bay', 'South Goa', 4),
(6, 'Miramar Beach\r\nBig Foot Museum\r\nEvening Cruise Party', 'South Goa', 5),
(6, 'Dudhsagar Falls\r\nSpice Plantations tour\r\nRetire with a spa or visit the casinos', 'South Goa', 6),
(6, 'Bungee Jumping\r\nTransfer to airport', 'South Goa', 7),
(7, 'Cruise Ship at Mumbai High:\r\nOnce on board the guests can go around the ship and see the set sail from Mumbai port sipping a drink at the Pool Deck. Evening goes with watching one of the featured Broadway show or dinner at any of the restaurants. Find a variety of entertainment- wander into the piano bar, try your luck in the casino or step out to a dance band in one of the bars. Then you can head to the disco where the DJ spins the hits all night long.', 'Cruise Ship', 1),
(7, 'Day time activities onboard the ship: Dance classes\r\nDeck and pool\r\nCooking demonstrations\r\nFitness activities\r\nRelax by the pool side or indoor Jacuzzi Steam and sauna bath\r\nEvening: Broadway show or dinner at any of the restaurants. Find a variety of entertainment- wander into the piano bar, try your luck in the casino or step out to a dance band in one of the bars. Then you can head to the disco where the DJ spins the hits all night long. We don’t want you to simply watch a show; we want you to experience it. With a brand new show, specially designed for the Cordelia Cruise guest, we will have you singing along and apart of the action from overture to final bows. World-class, international performers are ready to blow you away and have you hungry for more. This is a spectacle not to be missed!', 'Cruise Ship', 2),
(7, 'The ship docks at 8:00am. So after breakfast the guests can disembark, explore the docks and then transfer to airport.', 'Mumbai High', 3),
(8, 'Arrival at Mumbai airport\r\nCheck in to the hotel and explore the city at your leisure\r\nVisit:Gateway of India\r\n\nHaji Ali Dargah\r\nPrince of Wales Museum\r\nSiddhivinayak temple\r\nReturn to hotel for dinner', 'Mumbai', 1),
(8, 'Transfer to Khandala\r\nSights: Sunset point\r\nKune Falls\r\nLohagad fort\r\nTamhini Ghat mountain pass\r\nOvernight stay at hotel', 'Khandala', 2),
(8, 'Drive to Lonavala and visit:\r\nBhushi Dam\r\nKarla & Bhaja Caves\r\nPavana Lake\r\nRajmachi fort\r\nTiger\'s Leap\r\n\r\n', 'Lonavala', 3),
(8, 'Transfer to Mahabaleshwar\r\nVisit: Pratapgad Fort & Raigad Fort\r\nWander in the hills and take in the scenic beauty\r\n', 'Mahabaleshwar', 4),
(8, 'Transfer to Aurangabad\r\nExplore Ajanta and Ellora Caves', 'Aurangabad', 5),
(8, 'Transfer to Devgiri\r\nVisit Daulatabad Fort, famous for its secret passages and trick defences\r\nNearby is a water mill, Bibi ka maqbara and the tomb of a muslim saint which you may visit.\r\nTravel back to Mumbai.', 'Devgiri', 6),
(8, 'After breakfast at the hotel, you can go shopping in the city and check out the hidden Victorian buildings. \r\nCatch the flight back home in the afternoon.', 'Mumbai', 7),
(9, 'Arrival at Mumbai airport\r\nCheck in to the hotel and explore the city at your leisure\r\nVisit: Gateway of India\r\nHaji Ali Dargah\r\nPrince of Wales Museum\r\nSiddhivinayak temple\r\nReturn to hotel for dinner', 'Mumbai', 1),
(9, 'Transfer to Khandala\r\nSights: Sunset point\r\nKune Falls\r\nLohagad fort\r\nTamhini Ghat mountain pass\r\nOvernight stay at hotel', 'Khandala', 2),
(9, 'Drive to Lonavala and visit:\r\nBhushi Dam\r\nKarla & Bhaja Caves\r\nPavana Lake\r\nRajmachi fort\r\nTiger\'s Leap', 'Lonavala', 3),
(9, 'Transfer to Mahabaleshwar\r\nVisit: Pratapgad Fort & Raigad Fort\r\nWander in the hills and take in the scenic beauty', 'Mahabaleshwar', 4),
(9, 'Transfer to Aurangabad\r\nExplore Ajanta Caves\r\n', 'Aurangabad', 5),
(9, 'Explore Ellora Caves\r\nTaste the local flavours at Hampi Market', 'Aurangabad', 6),
(9, 'Transfer to Devgiri\r\nVisit Daulatabad Fort, famous for its secret passages and trick defences\r\nNearby is a water mill, Bibi ka maqbara and the tomb of a muslim saint which you may visit.\r\nTravel to Pune and overnight stay at the hotel in Pune', 'Devgiri', 7),
(9, 'After breakfast, sightseeing tour:\r\nAga Khan Palace\r\nShaniwar Wada\r\nSinhagad Fort\r\n\r\n', 'Pune', 8),
(9, 'Continue sightseeing in Pune:\r\nChaturshringi Temple\r\nPataleshwar\r\nTransfer to Shirdi and overnight stay at hotel in Shirdi', 'Pune', 9),
(9, 'Visit to Shirdi Sai Baba Mandir\r\nAfter lunch, visit to Shanishingnapur\r\nTransfer to Nagpur', 'Shirdi', 10),
(9, 'Early in the morning, set out for Tadoba National Park \r\nFull day Jungle Safari at Tadoba', 'Nagpur', 11),
(9, 'Visit the beautifully carved shrines in Adasa village which is among the eight Ashta-Vinayak shrines, popular for its gigantic self-created Lord Ganesha.\r\nIt also offers beautiful views of the Bhima river.', 'Nagpur', 12),
(9, 'Transfer to Mumbai in the morning\r\nVisit: Juhu Beach\r\nMarine Drive\r\nFilm City\r\nShopping at Colaba Causeway\r\nOvernight stay at hotel', 'Mumbai', 13),
(9, 'Visit: Bandra Worli Sea Link\r\nChhatrapati Shivaji Maharaj Terminus\r\nDrive to airport in the afternoon for homebound flight', 'Mumbai', 14),
(10, 'Upon arrival at hotel, freshen up and leave for Harmandir Sahib, popularly known as the Golden Temple. \r\nIn the evening, you can try out Amritsari Naan which can be found in the local dhabas and restaurants. Overnight in Amritsar.\r\n\r\n ', 'Amritsar', 1),
(10, 'After breakfast, visit Jallianwala Bagh. This historical area is known for the massacre commissioned by General Dyer, during the British Rule. \r\nIn the evening, visit Wagah border. The guard changing ceremony every evening in the India - Pakistan border is the highlight of the area. By late evening, you return to the hotel room for overnight stay.', 'Amritsar', 2),
(10, 'Transfer to airport for flight back home', 'Amritsar', 3),
(11, ' Upon arrival at hotel, freshen up and leave for Harmandir Sahib, popularly known as the Golden Temple.\r\nIn the evening, you can try out Amritsari Naan which can be found in the local dhabas and restaurants. Overnight in Amritsar.', 'Amritsar', 1),
(11, 'After breakfast, visit Jallianwala Bagh. This historical area is known for the massacre commissioned by General Dyer, during the British Rule.\r\nIn the evening, visit Wagah border. The guard changing ceremony every evening in the India - Pakistan border is the highlight of the area. By late evening, you return to the hotel room for overnight stay.', 'Amritsar', 2),
(11, 'Drive to Jalandhar\r\nVisit: Gurdwara Chhevin Padshahi\r\nDevi Talab Mandir\r\nRangla Punjab Haveli, a traditional Punjabi village themed resort', 'Jalandhar', 3),
(11, 'Drive to Chandigarh\r\nVisit: Rock Garden\r\nRose Garden', 'Chandigarh', 4),
(11, 'Visit Sukhna Lake after breakfast\r\nTransfer to airport', 'Chandigarh', 5),
(12, 'Upon arrival at hotel, freshen up and leave for Harmandir Sahib, popularly known as the Golden Temple.\r\nIn the evening, you can try out Amritsari Naan which can be found in the local dhabas and restaurants. Overnight in Amritsar.', 'Amritsar', 1),
(12, 'After breakfast\r\nVisit:\r\nJallianwala Bagh\r\nMaharaja Ranjit Singh Museum\r\nMata Lal Devi Temple\r\nEvening: Wagah border for the guard changing ceremony \r\nReturn to the hotel room for overnight stay.', 'Amritsar', 2),
(12, 'Drive to Jalandhar\r\nVisit: Gurdwara Chhevin Padshahi\r\nDevi Talab Mandir\r\nRangla Punjab Haveli, a traditional Punjabi village themed resort', 'Jalandhar', 3),
(12, 'Drive to Ludhiana \r\nVisit: Gurudwara Dukh Niwaran Sahib\r\nNehru Rose Garden', 'Ludhiana', 4),
(12, 'After Breakfast, drive to Patiala, check in the hotel. \r\nVisit: Qila Mubarak Complex\r\nSheesh Mahal which houses a museum, an art gallery, the famed medal gallery and also the North Zone Cultural Centre.', 'Patiala', 5),
(12, 'Drive to Chandigarh and visit:\r\nRock Garden\r\nRose Garden\r\nSukhna Lake', 'Chandigarh', 6),
(12, 'After breakfast, drive to Anandpur Sahib\r\nThen visit: Takht Shri Kesgarh Sahib\r\nBhakra Nangal Dam', 'Anandpur', 7),
(12, 'After breakfast, transfer to the airport to board flight for onward Journey.', 'Anandpur', 8),
(13, 'Arrival at Nainital\r\nVisit Naina Devi temple\r\nEvening boat ride at Naini Lake', 'Nainital', 1),
(13, 'Lake tour of Bhim Tal, Sat Tal, Naukuchia Tal\r\nShopping at Mall Road in the evening', 'Nainital', 2),
(13, 'Check out from hotel and transfer to airport', 'Nainital', 3),
(14, 'Arrival at Nainital\r\nVisit Naina Devi temple\r\nEvening boat ride at Naini Lake', 'Nainital', 1),
(14, 'Lake tour of Bhim Tal, Sat Tal, Naukuchia Tal\r\nShopping at Mall Road in the evening', 'Nainital', 2),
(14, 'Travel to Corbett\r\nLocal sightseeing around Garjiya Mata Temple, Corbett Fall', 'Corbett', 3),
(14, 'Early morning jungle safari at Jim Corbett National Park\r\nTransfer to Ranikhet\r\nVisit to: Chaubatia Garden (apple & apricot orchid) \r\nJhula Devi Temple\r\nShawl Factory- buy woolen shawls & other clothing.', 'Ranikhet', 4),
(14, 'Visit to: Rani Jheel\r\nHaidakhan temple\r\nTransfer to airport', 'Ranikhet', 5),
(15, 'Arrival at Nainital\r\nVisit Naina Devi temple\r\nEvening boat ride at Naini Lake', 'Nainital', 1),
(15, 'Lake tour of Bhim Tal, Sat Tal, Naukuchia Tal\r\nShopping at Mall Road in the evening', 'Nainital', 2),
(15, 'Proceed to Almora\r\nVisit:Nanda Devi Temple\r\nKasar Devi Temple \r\nBright End Corner\r\nLater, proceed to Ranikhet. Check-in at the hotel.', 'Ranikhet', 3),
(15, 'Visit to: Chaubatia Garden (apple & apricot orchid)\r\nJhula Devi Temple\r\nRani Jheel\r\nHaidakhan temple\r\nShawl Factory- buy woolen shawls & other clothing', 'Ranikhet', 4),
(15, 'Travel to Corbett\r\nLocal sightseeing around Garjiya Mata Temple, Corbett Fall', 'Corbett', 5),
(15, 'Early morning jungle safari at Jim Corbett National Park\r\nTransfer to Mussoorie\r\nVisit: Lal Tibba – The highest point in Mussoorie\r\nMunicipal Gardens\r\nKempty Falls', 'Mussoorie', 6),
(15, 'Transfer to Dehradun\r\nVisit: Tapkeshwar Mahadev\r\nRobber\'s Cave\r\nTapovan Forest-Gorkha Fort', 'Dehradun', 7),
(15, 'After breakfast visit:\r\nMindrolling Monastery\r\nSai Darbar Temple\r\nThe Museum And Kalinga War Memorial\r\nThe Char Siddhs', 'Dehradun', 8),
(15, 'Morning walk along Mall Road\r\nTransfer to airport', 'Dehradun', 9),
(16, 'Arrival at Bandhavgarh \r\nCheck in to the hotel and relax. Spend the day at leisure and enjoy the in-house amenities. Overnight stay at the hotel.', 'Bandhavgarh', 1),
(16, 'Early morning Jungle Safari at Bandhavgarh National Park\r\nTransfer to Panchmarhi\r\nVisit: Pandav Caves\r\nBee Falls\r\nHandi Koh', 'Panchmarhi', 2),
(16, 'Sunrise view at Dhoopgarh\r\nBreakfast at hotel\r\nDeparture after a short hike', 'Panchmarhi', 3),
(17, 'Arrival at Bhopal. Check in to the hotel\r\nVisit: Birla Temple\r\nBhopal Bharat Museum\r\nTaj-UL-Masjid\r\nIndira Gandhi Rashtriya Manav Sangrahalaya\r\n', 'Bhopal', 1),
(17, 'After breakfast visit:\r\nSanchi Stupa\r\nBhimbetka rock caves', 'Bhopal', 2),
(17, 'Travel to Indore\r\nStop at Ujjain en-route \r\nVisit: Kaliadeh Palace\r\nBade Ganeshji Ka Mandir\r\nGopal Mandir\r\nKal Bhairava\r\nNavagarha Mandir\r\nMahakaleshwar Temple\r\nOvernight stay at the hotel in Indore', 'Indore', 3),
(17, 'Visit: Lal Bagh Palace\r\nRajwada Palace\r\nIndore Museum\r\nExplore the local delights at Sarafa Bazaar in the afternoon\r\nChoral Dam on the Narmada river at sunset', 'Indore', 4),
(17, 'Transfer to Jabalpur\r\nVisit: Duandhar waterfall\r\nMarble gorge\r\nChausath Yogini temple\r\nBoat ride is available from the Panchavti ghat in amidst several kilometer long marble gorge in river Narmada.\r\nOvernight stay at Jabalpur.  ', 'Jabalpur', 5),
(17, 'Travel to Khajuraho\r\nExplore the architectural marvels of Khajuraho temples throughout the day\r\nLight and sound show in the evening', 'Khajuraho', 6),
(17, 'Visit Raneh Falls after breakfast\r\nTransfer to airport', 'Khajuraho', 7),
(18, 'Arrival at Jabalpur Airport, check in to the Hotel \r\nAfter Lunch, we proceed towards Bhedaghat, a village situated on the banks of the Narmada, is known for its marble rocks at a distance about 25 km from Jabalpur by road. Major attractions are the Duandhar waterfall, marble gorge, and the Chausath Yogini temple. Boat ride is available from the Panchavti ghat in amidst several kilometer long marble gorge in river Narmada. The Bedaghat and Duandhar serve as a site for movie shooting, and marble for statuary. Overnight stay at Jabalpur.', 'Jabalpur', 1),
(18, 'After breakfast, proceed for Khajuraho. Check in to the Hotel and rest.\r\nDay tour of Khajuraho:\r\nThis small town is famous for groups of Hindu and Jain temples. The temples of Khajuraho are declared as World Heritage Site by UNESCO for their beautiful rock carvings. Overnight at Khajuraho Hotel. Evening visit Light & Sound show.  \r\n\r\n\r\n', 'Khajuraho', 2),
(18, 'After Breakfast visit the major tourist places of the Western Group and the Eastern Group of Khajuraho. Overnight at Khajuraho Hotel.', 'Khajuraho', 3),
(18, 'Travel to Bandhavgarh \r\nJungle Safari at Bandhavgarh National Park\r\nOvernight at jungle lodge', 'Bandhavgarh', 4),
(18, 'Leave early in the morning for the Kanha National Park. \r\nRest for some time and thereafter, we will leave to explore the rich flora and fauna of the park. \r\nLater in the evening, we will enjoy bird watching and see some of the beautiful and lesser seen birds that are worth watching and knowing.', 'Kanha', 5),
(18, 'Early morning jeep safari in the Kanha National Park \r\nReturn to the hotel for lunch.\r\nEvening jeep safari, which is completely different from the experience you had in the morning. \r\nOvernight at Kanha.', 'Kanha', 6),
(18, 'Travel to Panchmarhi\r\nSoak in the natural beauty\r\nTake a hike to Mahadeo hill\r\nVisit Dhoopgarh for a spectacular sunset\r\n', 'Panchmarhi', 7),
(18, 'Sightseeing:\r\nPandava caves\r\nChauragarh Peak\r\nHandi Khoh\r\nApsara Vihar\r\nJata Shankar Caves\r\nBee Fall\r\nDuchess Fall\r\nPriyadarshini Point that offers stunning views of the entire Panchmarhi town from its top. ', 'Panchmarhi', 8),
(18, 'Travel to Indore\r\nStop at Ujjain en-route\r\nVisit: Kaliadeh Palace\r\nBade Ganeshji Ka Mandir\r\nGopal Mandir\r\nKal Bhairava\r\nNavagarha Mandir\r\nMahakaleshwar Temple\r\nOvernight stay at the hotel in Indore', 'Indore', 9),
(18, 'Visit: Lal Bagh Palace\r\nRajwada Palace\r\nIndore Museum\r\nExplore the local delights at Sarafa Bazaar in the afternoon\r\nChoral Dam on the Narmada river at sunset', 'Indore', 10),
(18, 'Arrival at Bhopal. Check in to the hotel\r\nVisit: Birla Temple\r\nBhopal Bharat Museum\r\nTaj-UL-Masjid\r\nIndira Gandhi Rashtriya Manav Sangrahalaya', 'Bhopal', 11),
(18, 'After breakfast visit:\r\nSanchi Stupa\r\nBhimbetka rock caves\r\nCatch evening flight', 'Bhopal', 12),
(19, 'Arrival at Srinagar\r\nShopping at local market\r\nShikara ride in Dal lake', 'Srinagar', 1),
(19, 'After breakfast, depart for full day excursion to Sonmarg. Enjoy beautiful snow capped peaks and glaciers.', 'Pahalgam', 2),
(19, 'Transfer to Srinagar\r\nCatch flight at Srinagar airport', 'Srinagar', 3),
(20, 'Arrival at Srinagar\r\nShopping at local market\r\nShikara ride in Dal lake', 'Srinagar', 1),
(20, 'After breakfast, depart for full day excursion to Sonmarg. Enjoy beautiful snow capped peaks and glaciers.', 'Pahalgam', 2),
(20, 'Proceed for Gulmarg. \r\nEn route visit Avantipura Ruins.\r\nOn arrival, check in to the hotel\r\nEvening at leisure', 'Gulmarg', 3),
(20, 'Morning: Trekking in the mountains\r\nSkiing\r\nAfternoon: Gondola ride \r\nStrawberry Valley', 'Gulmarg', 4),
(20, 'Transfer to Srinagar\r\nExplore Mughal Gardens\r\nCatch late afternoon flight from the airport', 'Srinagar', 5),
(21, 'Arrival at Srinagar\r\nShopping at local market\r\nShikara ride in Dal lake', 'Srinagar', 1),
(21, 'After breakfast, depart for full day excursion to Pahalgam\r\nVisit: Chandanwadi\r\nBetaab valley, Located on the way to Chandanwari, the valley was named Betaab after the bollywood movie by the same name! Earlier known as Hajan Valley, after the release of the movie, it was renamed as major part of the movie was shot here.\r\nNoon: Aru Valley, noted for its scenic meadows and mountains, is a base camp for trekking to the Kolhoi Glacier and Tarsar Lake. The village lies of the left bank of the Aru river, which is a tributary of the Lidder river.\r\n', 'Pahalgam', 2),
(21, 'Proceed for Gulmarg.\r\nEn route visit Avantipura Ruins.\r\nOn arrival, check in to the hotel\r\nEvening at leisure', 'Gulmarg', 3),
(21, 'Morning: Trekking in the mountains\r\nSkiing\r\nAfternoon: Gondola ride\r\nStrawberry Valley', 'Gulmarg', 4),
(21, 'After breakfast, travel to Katra\r\nHelicopter Ride to Maa Vaishnodevi Temple within the folds of Trikuta Mountain\r\nEvening: Return to Katra. Dinner & overnight stay at the Hotel.', 'Katra', 5),
(21, 'Travel to Patnitop \r\nParagliding at Nathatop hills\r\nNaag Mandir\r\nSangeet Valley\r\nShopping near Kud Park', 'Patnitop', 6),
(21, 'Transfer to Srinagar after breakfast\r\nSightseeing:\r\nShankaracharya temple, \r\nFamous Mughal Gardens Nishat Bagh\r\nShalimar Abode of Love built by Jehangir for his wife Empress Noor Jehan', 'Srinagar', 7),
(21, 'Day excursion to Sonmarg\r\nSonmarg lies in Sind Valley streamed with flowers and surrounded by mountains.\r\nIt is also the base for some interesting treks to the high altitude of Himalayan Lakes. \r\nEnjoy horse riding upto Thajiwas glacier and sledge riding on snow.\r\nReturn to Srinagar by evening', 'Sonmarg', 8),
(21, 'Day excursion to Nubra Valley (The Valley of Flowers)\r\nReturn to Srinagar hotel in the evening', 'Nubra Valley', 9),
(21, 'Visit: Wular Lake, India\'s largest freshwater lake\r\nIndira Gandhi Memorial Tulip Garden, the largest tulip garden in Asia\r\nCatch afternoon flight at Srinagar airport', 'Srinagar', 10),
(22, 'Arrive in Cochin and Drive towards Munnar. En route experience the scenic waterfalls & drives.   \r\nMunnar is a picturesque hill station situated in the eastern part of Kerala; lush green-carpeted tea and coffee plantations surround it. The beautiful landscapes, cozy weather, and the smell of tealeaves make Munnar one of the most sought-after destinations in South India. Munnar is situated near the Anaimudi Peak, the highest peak in the Western Ghats. Stay overnight at the hotel. ', 'Munnar', 1),
(22, 'Visit: Mattupetty dam\r\nEcho Point\r\nTea Museum \r\nEravikulam National Park', 'Munnar', 2),
(22, 'After breakfast, drive to Cochin airport', 'Cochin', 3),
(23, 'Arrive in Cochin and check into the hotel Visit: Mattancherry Dutch Palace\r\nFort Cochin Area\r\nSt. Francis Church, the oldest European Church in India\r\nSee the Chinese Fishing Nets, along the tip of Fort Cochin unique to this part of Kerala and living symbols of a centuries-old Chinese influence on this coast.\r\nStay overnight at the hotel.', 'Cochin', 1),
(23, 'Drive towards Munnar. En route experience the scenic waterfalls & drives.\r\nMunnar is a picturesque hill station situated in the eastern part of Kerala; lush green-carpeted tea and coffee plantations surround it. The beautiful landscapes, cozy weather, and the smell of tealeaves make Munnar one of the most sought-after destinations in South India. Munnar is situated near the Anaimudi Peak, the highest peak in the Western Ghats. Stay overnight at the hotel.', 'Munnar', 2),
(23, 'Visit: Mattupetty dam\r\nEcho Point\r\nTea Museum\r\nEravikulam National Park', 'Munnar', 3),
(23, 'Depart for Thekkady by road.\r\nThe town Periyar in Thekkady also houses one of world’s most fascinating natural wildlife sanctuaries\r\nLying at an altitude of 700-1900 m above sea level, Periyar has a cool and comfortable climate. Out here, you can also go for treks and mountain walks or visit spice plantation or enjoy boat ride at Lake Periyar\r\nStay overnight at the hotel.', 'Thekkady', 4),
(23, 'Drive to Alleppey\r\nTake backwaters cruise\r\nVisit: Marari Beach\r\nAllapuzha Beach\r\nKrishnapuram Palace\r\nOvernight stay at hotel', 'Alleppey', 5),
(23, 'Proceed for Trivandrum for the city tour\r\nVisit: Sri Padmanabhaswamy Temple\r\nNapier Museum\r\nSrichithra Art Gallery\r\nTravel back to Cochin and stay overnight in hotel', 'Trivandrum', 6),
(23, 'After breakfast, depart for the airport', 'Cochin', 7),
(24, 'Arrive in Cochin and check into the hotel Visit: Mattancherry Dutch Palace\r\nFort Cochin Area\r\nSt. Francis Church, the oldest European Church in India\r\nSee the Chinese Fishing Nets, along the tip of Fort Cochin unique to this part of Kerala and living symbols of a centuries-old Chinese influence on this coast.\r\nStay overnight at the hotel.', 'Cochin', 1),
(24, 'Visit: Jew Town\r\nJewish Synagogue\r\nSt. Francis Church\r\nSanta Cruz Basilica\r\nDutch Palace\r\nKerala Kathakali Centre', 'Cochin', 2),
(24, 'Drive towards Munnar. En route experience the scenic waterfalls & drives.\r\nMunnar is a picturesque hill station situated in the eastern part of Kerala; lush green-carpeted tea and coffee plantations surround it. The beautiful landscapes, cozy weather, and the smell of tealeaves make Munnar one of the most sought-after destinations in South India. Munnar is situated near the Anaimudi Peak, the highest peak in the Western Ghats. Stay overnight at the hotel.', 'Munnar', 3),
(24, 'Visit: Mattupetty dam\r\nEcho Point\r\nTea Museum\r\nEravikulam National Park', 'Munnar', 4),
(24, 'Depart for Thekkady by road.\r\nThe town Periyar in Thekkady also houses one of worldΓÇÖs most fascinating natural wildlife sanctuaries\r\nLying at an altitude of 700-1900 m above sea level, Periyar has a cool and comfortable climate. Out here, you can also go for treks and mountain walks or visit spice plantation or enjoy boat ride at Lake Periyar\r\nStay overnight at the hotel.', 'Thekkady', 5),
(24, 'Travel to Kumarakom\r\nVisit: Kumarakom Bird Sanctuary\r\nLunch at Toddy Parlour\r\nBay Island Driftwood Museum\r\nAyurvedic Treatment and overnight stay at Backwaters Retreat', 'Kumarakom', 6),
(24, 'Drive to Alleppey\r\nTake backwaters cruise\r\nVisit: Marari Beach\r\nAllapuzha Beach\r\nKrishnapuram Palace\r\nOvernight stay at hotel', 'Alleppey', 7),
(24, 'Proceed to Kovalam\r\nVisit: Velliyani Lake\r\nEnjoy water sports at Lighthouse Beach  \r\nHaylcon Castle\r\n', 'Kovalam', 8),
(24, 'Excursion of Kanyakumari:\r\nAn inspiring spiritual joint of India & also meeting point of three major sea (Arabian Sea, Indian Ocean and Bay of Bengal)\r\nEn-route visit: Padmanabhapuram Palace  Reach Kanyakumari and visit Vivekananda Memorial rock by boat\r\nStatue of Thiruvalloor\r\nGandhi Mandapam\r\nemple of Goddess Kanyakumari\r\nEnjoy Sunset from the tip of India. \r\nIn the late evening return to Kovalam. Overnight in the hotel.', 'Kanyakumari', 9),
(24, 'Day tour of Rameshwaram:\r\nLocal temples \r\nBeaches\r\nSee the mythical Ram Setu to Sri Lanka mentioned in the Ramayana\r\nReturn to Kovalam hotel by evening', 'Rameshwaram', 10),
(24, 'Proceed for Trivandrum for the city tour\r\nVisit: Sri Padmanabhaswamy Temple\r\nNapier Museum\r\nKanakakunnu Palace\r\n', 'Trivandrum', 11),
(24, 'Visit: Srichithra Art Gallery\r\nTrekking at Agastyarkoodam\r\nAstronomical observatory, University of Kerala', 'Trivandrum', 12),
(24, 'Proceed for two-day retreat at Ayurveda Vaidya Sala Kottakkal', 'Kottakal', 13),
(24, 'Entire day at the wellness retreat', 'Kottakkal', 14),
(24, 'After breakfast, depart for the airport', 'Trivandrum', 15),
(25, 'Welcome on arrival at Guwahati Airportand drive to Kaziranga (250 Kms / 5 hrs drive). Check in Hotel. Overnight at Kaziranga.', 'Kaziranga', 1),
(25, 'After breakfast proceed for Jeep safari in the Central Range. With Kohora as the entry point, the Central Range covers the Daphlang and Kathpora . Later enjoy Local Village & Tea Garden', 'Kaziranga', 2),
(25, 'Early morning go for Elephant ride\r\nAfter Breakfast drive to Guwahati Airport', 'Kaziranga', 3),
(26, 'Arrival at airport, drive to Gangtok\r\nOvernight stay at hotel', 'Gangtok', 1),
(26, 'After breakfast, excursion to:\r\nBaba Mandir\r\nTshangu Lake - situated at a height of 12400Ft / 3780 Mts, with an average depth of 50 ft. The cool water of the Lake is perfectly attuned with the scenic beauty around. \r\nBack to Gangtok and Overnight at Hotel.', 'Gangtok', 2),
(26, 'Half-day sightseeing covering:\r\nJhakri Water Falls\r\nDroul Chorten\r\nResearch Institute of Tibetology Directorate of Handicraft & Handloom\r\nFlower Show.\r\nAfternoon transfer to Darjeeling\r\nOvernight stay at Darjeeling', 'Gangtok', 3),
(26, 'Early morning tour to Tiger Hills to view sunrise over Kanchendzonga Peak\r\nOn way back visit:\r\nGhoom Monastery\r\nBatasia Loop\r\nAfter breakfast go for sightseeing:\r\nJapanese Temple \r\nPeace pagoda \r\nPadmaja Naidu Himalayan Zoological Park\r\nHimalayan Mountaineering Institute\r\nDarjeeling Ropeway Ride\r\nTenzing & Gombu Rock \r\nTibetan Refugee Self-Help Center\r\nPanoramic view of Tea Estate.', 'Darjeeling', 4),
(26, 'After breakfast checkout of the hotel & Reach the Bagdogra Airport for your onward connection or way back home.', 'Darjeeling', 5),
(27, 'Arrival at airport, drive to Gangtok\r\nOvernight stay at hotel', 'Gangtok', 1),
(27, 'After breakfast, excursion to:\r\nBaba Mandir\r\nTshangu Lake\r\nJhakri Water Falls\r\nDo-rul Chhorten \r\nResearch Institute of Tibetology\r\nDirectorate of Handicraft & Handloom \r\nFlower Show\r\nBack to Gangtok and Overnight at Hotel.', 'Gangtok', 2),
(27, 'After breakfast, checkout and transfer to Lachung . \r\nOn the way visit Tashi view point, Seven sister’s water fall\r\nOvernight at Hotel.\r\n\r\n\r\n', 'Lachung', 3),
(27, 'Early morning proceed on a half day excursion to Yumthang Valley. \r\nVisit to Yumthang Valley is a day excursion from Lachung, which is an attraction for tourist visiting this region. The colorful Singba Rhododendron Sanctuary bloom between April to June. The soaring snow-capped peaks and herds of wandering yaks make this a Himalayan paradise The valley is also known for its Hot spring. Although the water is quite dirty, many locals from the area visit to get themselves soaked & cured as believed. \r\nOvernight at Hotel.', 'Lachung', 4),
(27, 'Transfer to Pelling.\r\nAfter breakfast we drive to Yuksom on way panoramic sightseeing of:\r\nDarap Village\r\nRimbi Water fall\r\nKhecheopalri Lake\r\nKanchanjunga Water fall.\r\nA further drive takes you to Yuksom (the meeting place of three monks) - the first capital of Sikkim. This was the place where the first Chogyal (a ruling dynasty in Sikkim) was crowned. Evening back to Pelling and Overnight at Hotel.', 'Pelling', 5),
(27, 'Drive to Shillong. \r\nEn-route witness: Umiam Lake or Barapani- the biggest artificial lake in Meghalaya in midst of sylvan hills adorned by Khasi pines & peerless beauty.\r\nVisit: Don Bosco Museum\r\nCathedral of Marry\r\nWard’s Lake.\r\nEvening take a walk to the famous Police Bazaar for shopping. \r\nOvernight in Shillong.', 'Shillong', 6),
(27, 'Visit: Cherrapunji\r\nSeven Sisters (Nohsngithiang) Falls and Nohkalikai Falls\r\nMawsmai Cave\r\nLiving-root bridge\r\nBoating at Umngot river\r\nDrive up to the Bangladesh border\r\nOvernight at Shillong', 'Shillong', 7),
(27, 'Transfer to Dirang\r\nEn-route visit Tippi Orchid Centre.  Arunachal, the ‘Orchid Paradise’ is famed to have the largest variety of orchids in India.\r\nOvernight at Dirang', 'Dirang', 8),
(27, 'The morning after breakfast, drive to Tawang (10,000 ft). \r\nEn route witness: Dirang Valley famous for its monasteries, hot Springs, Apple & kiwi Orchards, sheep breeding farms\r\nThe snowcapped Sella Pass at 13700 ft\r\nThe Jaswant Garh War Memorial\r\nJung Falls\r\nOvernight in Tawang.', 'Tawang', 9),
(27, 'Rafting in Kameng river\r\nTransfer to airport for onward journey', 'Tawang', 10);

-- --------------------------------------------------------

--
-- Table structure for table `package`
--

CREATE TABLE `package` (
  `ID` int(11) NOT NULL,
  `Destination` varchar(50) NOT NULL,
  `No_of_days` tinyint(4) NOT NULL
) ENGINE=InnoDB DEFAULT CHARSET=utf8mb4;

--
-- Dumping data for table `package`
--

INSERT INTO `package` (`ID`, `Destination`, `No_of_days`) VALUES
(1, 'Rajasthan', 3),
(2, 'Rajasthan', 7),
(3, 'Rajasthan', 10),
(4, 'Goa', 3),
(5, 'Goa', 5),
(6, 'Goa', 7),
(7, 'Maharashtra', 3),
(8, 'Maharashtra', 7),
(9, 'Maharashtra', 14),
(10, 'Punjab', 3),
(11, 'Punjab', 5),
(12, 'Punjab', 8),
(13, 'Uttarakhand', 3),
(14, 'Uttarakhand', 5),
(15, 'Uttarakhand', 9),
(16, 'Madhya Pradesh', 3),
(17, 'Madhya Pradesh', 7),
(18, 'Madhya Pradesh', 12),
(19, 'Kashmir', 3),
(20, 'Kashmir', 5),
(21, 'Kashmir', 10),
(22, 'Kerala', 3),
(23, 'Kerala', 7),
(24, 'Kerala', 15),
(25, 'North-East', 3),
(26, 'North-East', 5),
(27, 'North-East', 10);

-- --------------------------------------------------------

--
-- Table structure for table `room`
--

CREATE TABLE `room` (
  `hid` int(11) NOT NULL,
  `Room_no` int(4) NOT NULL,
  `type` varchar(20) NOT NULL
) ENGINE=InnoDB DEFAULT CHARSET=utf8mb4;

--
-- Dumping data for table `room`
--

INSERT INTO `room` (`hid`, `Room_no`, `type`) VALUES
(101, 220, 'Deluxe'),
(101, 221, 'Deluxe'),
(101, 222, 'Deluxe'),
(101, 223, 'Deluxe'),
(101, 224, 'Deluxe'),
(102, 220, 'Deluxe'),
(102, 221, 'Deluxe'),
(102, 222, 'Deluxe'),
(102, 223, 'Deluxe'),
(102, 224, 'Deluxe'),
(103, 220, 'Deluxe'),
(103, 221, 'Deluxe'),
(103, 222, 'Deluxe'),
(103, 223, 'Deluxe'),
(103, 224, 'Deluxe'),
(104, 220, 'Deluxe'),
(104, 221, 'Deluxe'),
(104, 222, 'Deluxe'),
(104, 223, 'Deluxe'),
(104, 224, 'Deluxe'),
(105, 220, 'Deluxe'),
(105, 221, 'Deluxe'),
(105, 222, 'Deluxe'),
(105, 223, 'Deluxe'),
(105, 224, 'Deluxe'),
(106, 220, 'Deluxe'),
(106, 221, 'Deluxe'),
(106, 222, 'Deluxe'),
(106, 223, 'Deluxe'),
(106, 224, 'Deluxe'),
(107, 220, 'Deluxe'),
(107, 221, 'Deluxe'),
(107, 222, 'Deluxe'),
(107, 223, 'Deluxe'),
(107, 224, 'Deluxe'),
(108, 220, 'Deluxe'),
(108, 221, 'Deluxe'),
(108, 222, 'Deluxe'),
(108, 223, 'Deluxe'),
(108, 224, 'Deluxe'),
(109, 220, 'Deluxe'),
(109, 221, 'Deluxe'),
(109, 222, 'Deluxe'),
(109, 223, 'Deluxe'),
(109, 224, 'Deluxe'),
(201, 220, 'Deluxe'),
(201, 221, 'Deluxe'),
(201, 222, 'Deluxe'),
(201, 223, 'Deluxe'),
(201, 224, 'Deluxe'),
(202, 220, 'Deluxe'),
(202, 221, 'Deluxe'),
(202, 222, 'Deluxe'),
(202, 223, 'Deluxe'),
(202, 224, 'Deluxe'),
(203, 220, 'Deluxe'),
(203, 221, 'Deluxe'),
(203, 222, 'Deluxe'),
(203, 223, 'Deluxe'),
(203, 224, 'Deluxe'),
(204, 220, 'Deluxe'),
(204, 221, 'Deluxe'),
(204, 222, 'Deluxe'),
(204, 223, 'Deluxe'),
(204, 224, 'Deluxe'),
(205, 220, 'Deluxe'),
(205, 221, 'Deluxe'),
(205, 222, 'Deluxe'),
(205, 223, 'Deluxe'),
(205, 224, 'Deluxe'),
(206, 220, 'Deluxe'),
(206, 221, 'Deluxe'),
(206, 222, 'Deluxe'),
(206, 223, 'Deluxe'),
(206, 224, 'Deluxe'),
(207, 220, 'Deluxe'),
(207, 221, 'Deluxe'),
(207, 222, 'Deluxe'),
(207, 223, 'Deluxe'),
(207, 224, 'Deluxe'),
(208, 220, 'Deluxe'),
(208, 221, 'Deluxe'),
(208, 222, 'Deluxe'),
(208, 223, 'Deluxe'),
(208, 224, 'Deluxe'),
(209, 220, 'Deluxe'),
(209, 221, 'Deluxe'),
(209, 222, 'Deluxe'),
(209, 223, 'Deluxe'),
(209, 224, 'Deluxe'),
(304, 220, 'Deluxe'),
(304, 221, 'Deluxe'),
(304, 222, 'Deluxe'),
(304, 223, 'Deluxe'),
(304, 224, 'Deluxe'),
(305, 220, 'Deluxe'),
(305, 221, 'Deluxe'),
(305, 222, 'Deluxe'),
(305, 223, 'Deluxe'),
(305, 224, 'Deluxe'),
(306, 220, 'Deluxe'),
(306, 221, 'Deluxe'),
(306, 222, 'Deluxe'),
(306, 223, 'Deluxe'),
(306, 224, 'Deluxe'),
(307, 220, 'Deluxe'),
(307, 221, 'Deluxe'),
(307, 222, 'Deluxe'),
(307, 223, 'Deluxe'),
(307, 224, 'Deluxe'),
(308, 220, 'Deluxe'),
(308, 221, 'Deluxe'),
(308, 222, 'Deluxe'),
(308, 223, 'Deluxe'),
(308, 224, 'Deluxe'),
(309, 220, 'Deluxe'),
(309, 221, 'Deluxe'),
(309, 222, 'Deluxe'),
(309, 223, 'Deluxe'),
(309, 224, 'Deluxe'),
(310, 220, 'Deluxe'),
(310, 221, 'Deluxe'),
(310, 222, 'Deluxe'),
(310, 223, 'Deluxe'),
(310, 224, 'Deluxe'),
(311, 220, 'Deluxe'),
(311, 221, 'Deluxe'),
(311, 222, 'Deluxe'),
(311, 223, 'Deluxe'),
(311, 224, 'Deluxe'),
(401, 220, 'Deluxe'),
(401, 221, 'Deluxe'),
(401, 222, 'Deluxe'),
(401, 223, 'Deluxe'),
(401, 224, 'Deluxe'),
(402, 220, 'Deluxe'),
(402, 221, 'Deluxe'),
(402, 222, 'Deluxe'),
(402, 223, 'Deluxe'),
(402, 224, 'Deluxe'),
(403, 220, 'Deluxe'),
(403, 221, 'Deluxe'),
(403, 222, 'Deluxe'),
(403, 223, 'Deluxe'),
(403, 224, 'Deluxe'),
(404, 220, 'Deluxe'),
(404, 221, 'Deluxe'),
(404, 222, 'Deluxe'),
(404, 223, 'Deluxe'),
(404, 224, 'Deluxe'),
(405, 220, 'Deluxe'),
(405, 221, 'Deluxe'),
(405, 222, 'Deluxe'),
(405, 223, 'Deluxe'),
(405, 224, 'Deluxe'),
(406, 220, 'Deluxe'),
(406, 221, 'Deluxe'),
(406, 222, 'Deluxe'),
(406, 223, 'Deluxe'),
(406, 224, 'Deluxe'),
(503, 220, 'Deluxe'),
(503, 221, 'Deluxe'),
(503, 222, 'Deluxe'),
(503, 223, 'Deluxe'),
(503, 224, 'Deluxe'),
(504, 220, 'Deluxe'),
(504, 221, 'Deluxe'),
(504, 222, 'Deluxe'),
(504, 223, 'Deluxe'),
(504, 224, 'Deluxe'),
(505, 220, 'Deluxe'),
(505, 221, 'Deluxe'),
(505, 222, 'Deluxe'),
(505, 223, 'Deluxe'),
(505, 224, 'Deluxe'),
(506, 220, 'Deluxe'),
(506, 221, 'Deluxe'),
(506, 222, 'Deluxe'),
(506, 223, 'Deluxe'),
(506, 224, 'Deluxe'),
(507, 220, 'Deluxe'),
(507, 221, 'Deluxe'),
(507, 222, 'Deluxe'),
(507, 223, 'Deluxe'),
(507, 224, 'Deluxe'),
(508, 220, 'Deluxe'),
(508, 221, 'Deluxe'),
(508, 222, 'Deluxe'),
(508, 223, 'Deluxe'),
(508, 224, 'Deluxe'),
(509, 220, 'Deluxe'),
(509, 221, 'Deluxe'),
(509, 222, 'Deluxe'),
(509, 223, 'Deluxe'),
(509, 224, 'Deluxe'),
(510, 220, 'Deluxe'),
(510, 221, 'Deluxe'),
(510, 222, 'Deluxe'),
(510, 223, 'Deluxe'),
(510, 224, 'Deluxe'),
(602, 220, 'Deluxe'),
(602, 221, 'Deluxe'),
(602, 222, 'Deluxe'),
(602, 223, 'Deluxe'),
(602, 224, 'Deluxe'),
(603, 220, 'Deluxe'),
(603, 221, 'Deluxe'),
(603, 222, 'Deluxe'),
(603, 223, 'Deluxe'),
(603, 224, 'Deluxe'),
(604, 220, 'Deluxe'),
(604, 221, 'Deluxe'),
(604, 222, 'Deluxe'),
(604, 223, 'Deluxe'),
(604, 224, 'Deluxe'),
(605, 220, 'Deluxe'),
(605, 221, 'Deluxe'),
(605, 222, 'Deluxe'),
(605, 223, 'Deluxe'),
(605, 224, 'Deluxe'),
(606, 220, 'Deluxe'),
(606, 221, 'Deluxe'),
(606, 222, 'Deluxe'),
(606, 223, 'Deluxe'),
(606, 224, 'Deluxe'),
(607, 220, 'Deluxe'),
(607, 221, 'Deluxe'),
(607, 222, 'Deluxe'),
(607, 223, 'Deluxe'),
(607, 224, 'Deluxe'),
(608, 220, 'Deluxe'),
(608, 221, 'Deluxe'),
(608, 222, 'Deluxe'),
(608, 223, 'Deluxe'),
(608, 224, 'Deluxe'),
(609, 220, 'Deluxe'),
(609, 221, 'Deluxe'),
(609, 222, 'Deluxe'),
(609, 223, 'Deluxe'),
(609, 224, 'Deluxe'),
(701, 220, 'Deluxe'),
(701, 221, 'Deluxe'),
(701, 222, 'Deluxe'),
(701, 223, 'Deluxe'),
(701, 224, 'Deluxe'),
(702, 220, 'Deluxe'),
(702, 221, 'Deluxe'),
(702, 222, 'Deluxe'),
(702, 223, 'Deluxe'),
(702, 224, 'Deluxe'),
(703, 220, 'Deluxe'),
(703, 221, 'Deluxe'),
(703, 222, 'Deluxe'),
(703, 223, 'Deluxe'),
(703, 224, 'Deluxe'),
(704, 220, 'Deluxe'),
(704, 221, 'Deluxe'),
(704, 222, 'Deluxe'),
(704, 223, 'Deluxe'),
(704, 224, 'Deluxe'),
(705, 220, 'Deluxe'),
(705, 221, 'Deluxe'),
(705, 222, 'Deluxe'),
(705, 223, 'Deluxe'),
(705, 224, 'Deluxe'),
(706, 220, 'Deluxe'),
(706, 221, 'Deluxe'),
(706, 222, 'Deluxe'),
(706, 223, 'Deluxe'),
(706, 224, 'Deluxe'),
(801, 220, 'Deluxe'),
(801, 221, 'Deluxe'),
(801, 222, 'Deluxe'),
(801, 223, 'Deluxe'),
(801, 224, 'Deluxe'),
(802, 220, 'Deluxe'),
(802, 221, 'Deluxe'),
(802, 222, 'Deluxe'),
(802, 223, 'Deluxe'),
(802, 224, 'Deluxe'),
(803, 220, 'Deluxe'),
(803, 221, 'Deluxe'),
(803, 222, 'Deluxe'),
(803, 223, 'Deluxe'),
(803, 224, 'Deluxe'),
(804, 220, 'Deluxe'),
(804, 221, 'Deluxe'),
(804, 222, 'Deluxe'),
(804, 223, 'Deluxe'),
(804, 224, 'Deluxe'),
(805, 220, 'Deluxe'),
(805, 221, 'Deluxe'),
(805, 222, 'Deluxe'),
(805, 223, 'Deluxe'),
(805, 224, 'Deluxe'),
(806, 220, 'Deluxe'),
(806, 221, 'Deluxe'),
(806, 222, 'Deluxe'),
(806, 223, 'Deluxe'),
(806, 224, 'Deluxe'),
(807, 220, 'Deluxe'),
(807, 221, 'Deluxe'),
(807, 222, 'Deluxe'),
(807, 223, 'Deluxe'),
(807, 224, 'Deluxe'),
(901, 220, 'Deluxe'),
(901, 221, 'Deluxe'),
(901, 222, 'Deluxe'),
(901, 223, 'Deluxe'),
(901, 224, 'Deluxe'),
(902, 220, 'Deluxe'),
(902, 221, 'Deluxe'),
(902, 222, 'Deluxe'),
(902, 223, 'Deluxe'),
(902, 224, 'Deluxe'),
(903, 220, 'Deluxe'),
(903, 221, 'Deluxe'),
(903, 222, 'Deluxe'),
(903, 223, 'Deluxe'),
(903, 224, 'Deluxe'),
(904, 220, 'Deluxe'),
(904, 221, 'Deluxe'),
(904, 222, 'Deluxe'),
(904, 223, 'Deluxe'),
(904, 224, 'Deluxe'),
(905, 220, 'Deluxe'),
(905, 221, 'Deluxe'),
(905, 222, 'Deluxe'),
(905, 223, 'Deluxe'),
(905, 224, 'Deluxe'),
(906, 220, 'Deluxe'),
(906, 221, 'Deluxe'),
(906, 222, 'Deluxe'),
(906, 223, 'Deluxe'),
(906, 224, 'Deluxe'),
(907, 220, 'Deluxe'),
(907, 221, 'Deluxe'),
(907, 222, 'Deluxe'),
(907, 223, 'Deluxe'),
(907, 224, 'Deluxe'),
(908, 220, 'Deluxe'),
(908, 221, 'Deluxe'),
(908, 222, 'Deluxe'),
(908, 223, 'Deluxe'),
(908, 224, 'Deluxe'),
(909, 220, 'Deluxe'),
(909, 221, 'Deluxe'),
(909, 222, 'Deluxe'),
(909, 223, 'Deluxe'),
(909, 224, 'Deluxe'),
(910, 220, 'Deluxe'),
(910, 221, 'Deluxe'),
(910, 222, 'Deluxe'),
(910, 223, 'Deluxe'),
(910, 224, 'Deluxe'),
(101, 320, 'Premium'),
(101, 321, 'Premium'),
(101, 322, 'Premium'),
(101, 323, 'Premium'),
(101, 324, 'Premium'),
(102, 320, 'Premium'),
(102, 321, 'Premium'),
(102, 322, 'Premium'),
(102, 323, 'Premium'),
(102, 324, 'Premium'),
(103, 320, 'Premium'),
(103, 321, 'Premium'),
(103, 322, 'Premium'),
(103, 323, 'Premium'),
(103, 324, 'Premium'),
(104, 320, 'Premium'),
(104, 321, 'Premium'),
(104, 322, 'Premium'),
(104, 323, 'Premium'),
(104, 324, 'Premium'),
(105, 320, 'Premium'),
(105, 321, 'Premium'),
(105, 322, 'Premium'),
(105, 323, 'Premium'),
(105, 324, 'Premium'),
(106, 320, 'Premium'),
(106, 321, 'Premium'),
(106, 322, 'Premium'),
(106, 323, 'Premium'),
(106, 324, 'Premium'),
(107, 320, 'Premium'),
(107, 321, 'Premium'),
(107, 322, 'Premium'),
(107, 323, 'Premium'),
(107, 324, 'Premium'),
(108, 320, 'Premium'),
(108, 321, 'Premium'),
(108, 322, 'Premium'),
(108, 323, 'Premium'),
(108, 324, 'Premium'),
(109, 320, 'Premium'),
(109, 321, 'Premium'),
(109, 322, 'Premium'),
(109, 323, 'Premium'),
(109, 324, 'Premium'),
(201, 320, 'Premium'),
(201, 321, 'Premium'),
(201, 322, 'Premium'),
(201, 323, 'Premium'),
(201, 324, 'Premium'),
(202, 320, 'Premium'),
(202, 321, 'Premium'),
(202, 322, 'Premium'),
(202, 323, 'Premium'),
(202, 324, 'Premium'),
(203, 320, 'Premium'),
(203, 321, 'Premium'),
(203, 322, 'Premium'),
(203, 323, 'Premium'),
(203, 324, 'Premium'),
(204, 320, 'Premium'),
(204, 321, 'Premium'),
(204, 322, 'Premium'),
(204, 323, 'Premium'),
(204, 324, 'Premium'),
(205, 320, 'Premium'),
(205, 321, 'Premium'),
(205, 322, 'Premium'),
(205, 323, 'Premium'),
(205, 324, 'Premium'),
(206, 320, 'Premium'),
(206, 321, 'Premium'),
(206, 322, 'Premium'),
(206, 323, 'Premium'),
(206, 324, 'Premium'),
(207, 320, 'Premium'),
(207, 321, 'Premium'),
(207, 322, 'Premium'),
(207, 323, 'Premium'),
(207, 324, 'Premium'),
(208, 320, 'Premium'),
(208, 321, 'Premium'),
(208, 322, 'Premium'),
(208, 323, 'Premium'),
(208, 324, 'Premium'),
(209, 320, 'Premium'),
(209, 321, 'Premium'),
(209, 322, 'Premium'),
(209, 323, 'Premium'),
(209, 324, 'Premium'),
(304, 320, 'Premium'),
(304, 321, 'Premium'),
(304, 322, 'Premium'),
(304, 323, 'Premium'),
(304, 324, 'Premium'),
(305, 320, 'Premium'),
(305, 321, 'Premium'),
(305, 322, 'Premium'),
(305, 323, 'Premium'),
(305, 324, 'Premium'),
(306, 320, 'Premium'),
(306, 321, 'Premium'),
(306, 322, 'Premium'),
(306, 323, 'Premium'),
(306, 324, 'Premium'),
(307, 320, 'Premium'),
(307, 321, 'Premium'),
(307, 322, 'Premium'),
(307, 323, 'Premium'),
(307, 324, 'Premium'),
(308, 320, 'Premium'),
(308, 321, 'Premium'),
(308, 322, 'Premium'),
(308, 323, 'Premium'),
(308, 324, 'Premium'),
(309, 320, 'Premium'),
(309, 321, 'Premium'),
(309, 322, 'Premium'),
(309, 323, 'Premium'),
(309, 324, 'Premium'),
(310, 320, 'Premium'),
(310, 321, 'Premium'),
(310, 322, 'Premium'),
(310, 323, 'Premium'),
(310, 324, 'Premium'),
(311, 320, 'Premium'),
(311, 321, 'Premium'),
(311, 322, 'Premium'),
(311, 323, 'Premium'),
(311, 324, 'Premium'),
(401, 320, 'Premium'),
(401, 321, 'Premium'),
(401, 322, 'Premium'),
(401, 323, 'Premium'),
(401, 324, 'Premium'),
(402, 320, 'Premium'),
(402, 321, 'Premium'),
(402, 322, 'Premium'),
(402, 323, 'Premium'),
(402, 324, 'Premium'),
(403, 320, 'Premium'),
(403, 321, 'Premium'),
(403, 322, 'Premium'),
(403, 323, 'Premium'),
(403, 324, 'Premium'),
(404, 320, 'Premium'),
(404, 321, 'Premium'),
(404, 322, 'Premium'),
(404, 323, 'Premium'),
(404, 324, 'Premium'),
(405, 320, 'Premium'),
(405, 321, 'Premium'),
(405, 322, 'Premium'),
(405, 323, 'Premium'),
(405, 324, 'Premium'),
(406, 320, 'Premium'),
(406, 321, 'Premium'),
(406, 322, 'Premium'),
(406, 323, 'Premium'),
(406, 324, 'Premium'),
(503, 320, 'Premium'),
(503, 321, 'Premium'),
(503, 322, 'Premium'),
(503, 323, 'Premium'),
(503, 324, 'Premium'),
(504, 320, 'Premium'),
(504, 321, 'Premium'),
(504, 322, 'Premium'),
(504, 323, 'Premium'),
(504, 324, 'Premium'),
(505, 320, 'Premium'),
(505, 321, 'Premium'),
(505, 322, 'Premium'),
(505, 323, 'Premium'),
(505, 324, 'Premium'),
(506, 320, 'Premium'),
(506, 321, 'Premium'),
(506, 322, 'Premium'),
(506, 323, 'Premium'),
(506, 324, 'Premium'),
(507, 320, 'Premium'),
(507, 321, 'Premium'),
(507, 322, 'Premium'),
(507, 323, 'Premium'),
(507, 324, 'Premium'),
(508, 320, 'Premium'),
(508, 321, 'Premium'),
(508, 322, 'Premium'),
(508, 323, 'Premium'),
(508, 324, 'Premium'),
(509, 320, 'Premium'),
(509, 321, 'Premium'),
(509, 322, 'Premium'),
(509, 323, 'Premium'),
(509, 324, 'Premium'),
(510, 320, 'Premium'),
(510, 321, 'Premium'),
(510, 322, 'Premium'),
(510, 323, 'Premium'),
(510, 324, 'Premium'),
(602, 320, 'Premium'),
(602, 321, 'Premium'),
(602, 322, 'Premium'),
(602, 323, 'Premium'),
(602, 324, 'Premium'),
(603, 320, 'Premium'),
(603, 321, 'Premium'),
(603, 322, 'Premium'),
(603, 323, 'Premium'),
(603, 324, 'Premium'),
(604, 320, 'Premium'),
(604, 321, 'Premium'),
(604, 322, 'Premium'),
(604, 323, 'Premium'),
(604, 324, 'Premium'),
(605, 320, 'Premium'),
(605, 321, 'Premium'),
(605, 322, 'Premium'),
(605, 323, 'Premium'),
(605, 324, 'Premium'),
(606, 320, 'Premium'),
(606, 321, 'Premium'),
(606, 322, 'Premium'),
(606, 323, 'Premium'),
(606, 324, 'Premium'),
(607, 320, 'Premium'),
(607, 321, 'Premium'),
(607, 322, 'Premium'),
(607, 323, 'Premium'),
(607, 324, 'Premium'),
(608, 320, 'Premium'),
(608, 321, 'Premium'),
(608, 322, 'Premium'),
(608, 323, 'Premium'),
(608, 324, 'Premium'),
(609, 320, 'Premium'),
(609, 321, 'Premium'),
(609, 322, 'Premium'),
(609, 323, 'Premium'),
(609, 324, 'Premium'),
(701, 320, 'Premium'),
(701, 321, 'Premium'),
(701, 322, 'Premium'),
(701, 323, 'Premium'),
(701, 324, 'Premium'),
(702, 320, 'Premium'),
(702, 321, 'Premium'),
(702, 322, 'Premium'),
(702, 323, 'Premium'),
(702, 324, 'Premium'),
(703, 320, 'Premium'),
(703, 321, 'Premium'),
(703, 322, 'Premium'),
(703, 323, 'Premium'),
(703, 324, 'Premium'),
(704, 320, 'Premium'),
(704, 321, 'Premium'),
(704, 322, 'Premium'),
(704, 323, 'Premium'),
(704, 324, 'Premium'),
(705, 320, 'Premium'),
(705, 321, 'Premium'),
(705, 322, 'Premium'),
(705, 323, 'Premium'),
(705, 324, 'Premium'),
(706, 320, 'Premium'),
(706, 321, 'Premium'),
(706, 322, 'Premium'),
(706, 323, 'Premium'),
(706, 324, 'Premium'),
(801, 320, 'Premium'),
(801, 321, 'Premium'),
(801, 322, 'Premium'),
(801, 323, 'Premium'),
(801, 324, 'Premium'),
(802, 320, 'Premium'),
(802, 321, 'Premium'),
(802, 322, 'Premium'),
(802, 323, 'Premium'),
(802, 324, 'Premium'),
(803, 320, 'Premium'),
(803, 321, 'Premium'),
(803, 322, 'Premium'),
(803, 323, 'Premium'),
(803, 324, 'Premium'),
(804, 320, 'Premium'),
(804, 321, 'Premium'),
(804, 322, 'Premium'),
(804, 323, 'Premium'),
(804, 324, 'Premium'),
(805, 320, 'Premium'),
(805, 321, 'Premium'),
(805, 322, 'Premium'),
(805, 323, 'Premium'),
(805, 324, 'Premium'),
(806, 320, 'Premium'),
(806, 321, 'Premium'),
(806, 322, 'Premium'),
(806, 323, 'Premium'),
(806, 324, 'Premium'),
(807, 320, 'Premium'),
(807, 321, 'Premium'),
(807, 322, 'Premium'),
(807, 323, 'Premium'),
(807, 324, 'Premium'),
(808, 120, 'Premium'),
(808, 121, 'Premium'),
(808, 122, 'Premium'),
(808, 123, 'Premium'),
(808, 124, 'Premium'),
(901, 320, 'Premium'),
(901, 321, 'Premium'),
(901, 322, 'Premium'),
(901, 323, 'Premium'),
(901, 324, 'Premium'),
(902, 320, 'Premium'),
(902, 321, 'Premium'),
(902, 322, 'Premium'),
(902, 323, 'Premium'),
(902, 324, 'Premium'),
(903, 320, 'Premium'),
(903, 321, 'Premium'),
(903, 322, 'Premium'),
(903, 323, 'Premium'),
(903, 324, 'Premium'),
(904, 320, 'Premium'),
(904, 321, 'Premium'),
(904, 322, 'Premium'),
(904, 323, 'Premium'),
(904, 324, 'Premium'),
(905, 320, 'Premium'),
(905, 321, 'Premium'),
(905, 322, 'Premium'),
(905, 323, 'Premium'),
(905, 324, 'Premium'),
(906, 320, 'Premium'),
(906, 321, 'Premium'),
(906, 322, 'Premium'),
(906, 323, 'Premium'),
(906, 324, 'Premium'),
(907, 320, 'Premium'),
(907, 321, 'Premium'),
(907, 322, 'Premium'),
(907, 323, 'Premium'),
(907, 324, 'Premium'),
(908, 320, 'Premium'),
(908, 321, 'Premium'),
(908, 322, 'Premium'),
(908, 323, 'Premium'),
(908, 324, 'Premium'),
(909, 320, 'Premium'),
(909, 321, 'Premium'),
(909, 322, 'Premium'),
(909, 323, 'Premium'),
(909, 324, 'Premium'),
(910, 320, 'Premium'),
(910, 321, 'Premium'),
(910, 322, 'Premium'),
(910, 323, 'Premium'),
(910, 324, 'Premium'),
(101, 120, 'Regular'),
(101, 121, 'Regular'),
(101, 122, 'Regular'),
(101, 123, 'Regular'),
(101, 124, 'Regular'),
(102, 120, 'Regular'),
(102, 121, 'Regular'),
(102, 122, 'Regular'),
(102, 123, 'Regular'),
(102, 124, 'Regular'),
(103, 120, 'Regular'),
(103, 121, 'Regular'),
(103, 122, 'Regular'),
(103, 123, 'Regular'),
(103, 124, 'Regular'),
(104, 120, 'Regular'),
(104, 121, 'Regular'),
(104, 122, 'Regular'),
(104, 123, 'Regular'),
(104, 124, 'Regular'),
(105, 120, 'Regular'),
(105, 121, 'Regular'),
(105, 122, 'Regular'),
(105, 123, 'Regular'),
(105, 124, 'Regular'),
(106, 120, 'Regular'),
(106, 121, 'Regular'),
(106, 122, 'Regular'),
(106, 123, 'Regular'),
(106, 124, 'Regular'),
(107, 120, 'Regular'),
(107, 121, 'Regular'),
(107, 122, 'Regular'),
(107, 123, 'Regular'),
(107, 124, 'Regular'),
(108, 120, 'Regular'),
(108, 121, 'Regular'),
(108, 122, 'Regular'),
(108, 123, 'Regular'),
(108, 124, 'Regular'),
(109, 120, 'Regular'),
(109, 121, 'Regular'),
(109, 122, 'Regular'),
(109, 123, 'Regular'),
(109, 124, 'Regular'),
(201, 120, 'Regular'),
(201, 121, 'Regular'),
(201, 122, 'Regular'),
(201, 123, 'Regular'),
(201, 124, 'Regular'),
(202, 120, 'Regular'),
(202, 121, 'Regular'),
(202, 122, 'Regular'),
(202, 123, 'Regular'),
(202, 124, 'Regular'),
(203, 120, 'Regular'),
(203, 121, 'Regular'),
(203, 122, 'Regular'),
(203, 123, 'Regular'),
(203, 124, 'Regular'),
(204, 120, 'Regular'),
(204, 121, 'Regular'),
(204, 122, 'Regular'),
(204, 123, 'Regular'),
(204, 124, 'Regular'),
(205, 120, 'Regular'),
(205, 121, 'Regular'),
(205, 122, 'Regular'),
(205, 123, 'Regular'),
(205, 124, 'Regular'),
(206, 120, 'Regular'),
(206, 121, 'Regular'),
(206, 122, 'Regular'),
(206, 123, 'Regular'),
(206, 124, 'Regular'),
(207, 120, 'Regular'),
(207, 121, 'Regular'),
(207, 122, 'Regular'),
(207, 123, 'Regular'),
(207, 124, 'Regular'),
(208, 120, 'Regular'),
(208, 121, 'Regular'),
(208, 122, 'Regular'),
(208, 123, 'Regular'),
(208, 124, 'Regular'),
(209, 120, 'Regular'),
(209, 121, 'Regular'),
(209, 122, 'Regular'),
(209, 123, 'Regular'),
(209, 124, 'Regular'),
(304, 120, 'Regular'),
(304, 121, 'Regular'),
(304, 122, 'Regular'),
(304, 123, 'Regular'),
(304, 124, 'Regular'),
(305, 120, 'Regular'),
(305, 121, 'Regular'),
(305, 122, 'Regular'),
(305, 123, 'Regular'),
(305, 124, 'Regular'),
(306, 120, 'Regular'),
(306, 121, 'Regular'),
(306, 122, 'Regular'),
(306, 123, 'Regular'),
(306, 124, 'Regular'),
(307, 120, 'Regular'),
(307, 121, 'Regular'),
(307, 122, 'Regular'),
(307, 123, 'Regular'),
(307, 124, 'Regular'),
(308, 120, 'Regular'),
(308, 121, 'Regular'),
(308, 122, 'Regular'),
(308, 123, 'Regular'),
(308, 124, 'Regular'),
(309, 120, 'Regular'),
(309, 121, 'Regular'),
(309, 122, 'Regular'),
(309, 123, 'Regular'),
(309, 124, 'Regular'),
(310, 120, 'Regular'),
(310, 121, 'Regular'),
(310, 122, 'Regular'),
(310, 123, 'Regular'),
(310, 124, 'Regular'),
(311, 120, 'Regular'),
(311, 121, 'Regular'),
(311, 122, 'Regular'),
(311, 123, 'Regular'),
(311, 124, 'Regular'),
(401, 120, 'Regular'),
(401, 121, 'Regular'),
(401, 122, 'Regular'),
(401, 123, 'Regular'),
(401, 124, 'Regular'),
(402, 120, 'Regular'),
(402, 121, 'Regular'),
(402, 122, 'Regular'),
(402, 123, 'Regular'),
(402, 124, 'Regular'),
(403, 120, 'Regular'),
(403, 121, 'Regular'),
(403, 122, 'Regular'),
(403, 123, 'Regular'),
(403, 124, 'Regular'),
(404, 120, 'Regular'),
(404, 121, 'Regular'),
(404, 122, 'Regular'),
(404, 123, 'Regular'),
(404, 124, 'Regular'),
(405, 120, 'Regular'),
(405, 121, 'Regular'),
(405, 122, 'Regular'),
(405, 123, 'Regular'),
(405, 124, 'Regular'),
(406, 120, 'Regular'),
(406, 121, 'Regular'),
(406, 122, 'Regular'),
(406, 123, 'Regular'),
(406, 124, 'Regular'),
(503, 120, 'Regular'),
(503, 121, 'Regular'),
(503, 122, 'Regular'),
(503, 123, 'Regular'),
(503, 124, 'Regular'),
(504, 120, 'Regular'),
(504, 121, 'Regular'),
(504, 122, 'Regular'),
(504, 123, 'Regular'),
(504, 124, 'Regular'),
(505, 120, 'Regular'),
(505, 121, 'Regular'),
(505, 122, 'Regular'),
(505, 123, 'Regular'),
(505, 124, 'Regular'),
(506, 120, 'Regular'),
(506, 121, 'Regular'),
(506, 122, 'Regular'),
(506, 123, 'Regular'),
(506, 124, 'Regular'),
(507, 120, 'Regular'),
(507, 121, 'Regular'),
(507, 122, 'Regular'),
(507, 123, 'Regular'),
(507, 124, 'Regular'),
(508, 120, 'Regular'),
(508, 121, 'Regular'),
(508, 122, 'Regular'),
(508, 123, 'Regular'),
(508, 124, 'Regular'),
(509, 120, 'Regular'),
(509, 121, 'Regular'),
(509, 122, 'Regular'),
(509, 123, 'Regular'),
(509, 124, 'Regular'),
(510, 120, 'Regular'),
(510, 121, 'Regular'),
(510, 122, 'Regular'),
(510, 123, 'Regular'),
(510, 124, 'Regular'),
(602, 120, 'Regular'),
(602, 121, 'Regular'),
(602, 122, 'Regular'),
(602, 123, 'Regular'),
(602, 124, 'Regular'),
(603, 120, 'Regular'),
(603, 121, 'Regular'),
(603, 122, 'Regular'),
(603, 123, 'Regular'),
(603, 124, 'Regular'),
(604, 120, 'Regular'),
(604, 121, 'Regular'),
(604, 122, 'Regular'),
(604, 123, 'Regular'),
(604, 124, 'Regular'),
(605, 120, 'Regular'),
(605, 121, 'Regular'),
(605, 122, 'Regular'),
(605, 123, 'Regular'),
(605, 124, 'Regular'),
(606, 120, 'Regular'),
(606, 121, 'Regular'),
(606, 122, 'Regular'),
(606, 123, 'Regular'),
(606, 124, 'Regular'),
(607, 120, 'Regular'),
(607, 121, 'Regular'),
(607, 122, 'Regular'),
(607, 123, 'Regular'),
(607, 124, 'Regular'),
(608, 120, 'Regular'),
(608, 121, 'Regular'),
(608, 122, 'Regular'),
(608, 123, 'Regular'),
(608, 124, 'Regular'),
(609, 120, 'Regular'),
(609, 121, 'Regular'),
(609, 122, 'Regular'),
(609, 123, 'Regular'),
(609, 124, 'Regular'),
(701, 120, 'Regular'),
(701, 121, 'Regular'),
(701, 122, 'Regular'),
(701, 123, 'Regular'),
(701, 124, 'Regular'),
(702, 120, 'Regular'),
(702, 121, 'Regular'),
(702, 122, 'Regular'),
(702, 123, 'Regular'),
(702, 124, 'Regular'),
(703, 120, 'Regular'),
(703, 121, 'Regular'),
(703, 122, 'Regular'),
(703, 123, 'Regular'),
(703, 124, 'Regular'),
(704, 120, 'Regular'),
(704, 121, 'Regular'),
(704, 122, 'Regular'),
(704, 123, 'Regular'),
(704, 124, 'Regular'),
(705, 120, 'Regular'),
(705, 121, 'Regular'),
(705, 122, 'Regular'),
(705, 123, 'Regular'),
(705, 124, 'Regular'),
(706, 120, 'Regular'),
(706, 121, 'Regular'),
(706, 122, 'Regular'),
(706, 123, 'Regular'),
(706, 124, 'Regular'),
(801, 120, 'Regular'),
(801, 121, 'Regular'),
(801, 122, 'Regular'),
(801, 123, 'Regular'),
(801, 124, 'Regular'),
(802, 120, 'Regular'),
(802, 121, 'Regular'),
(802, 122, 'Regular'),
(802, 123, 'Regular'),
(802, 124, 'Regular'),
(803, 120, 'Regular'),
(803, 121, 'Regular'),
(803, 122, 'Regular'),
(803, 123, 'Regular'),
(803, 124, 'Regular'),
(804, 120, 'Regular'),
(804, 121, 'Regular'),
(804, 122, 'Regular'),
(804, 123, 'Regular'),
(804, 124, 'Regular'),
(805, 120, 'Regular'),
(805, 121, 'Regular'),
(805, 122, 'Regular'),
(805, 123, 'Regular'),
(805, 124, 'Regular'),
(806, 120, 'Regular'),
(806, 121, 'Regular'),
(806, 122, 'Regular'),
(806, 123, 'Regular'),
(806, 124, 'Regular'),
(807, 120, 'Regular'),
(807, 121, 'Regular'),
(807, 122, 'Regular'),
(807, 123, 'Regular'),
(807, 124, 'Regular'),
(901, 120, 'Regular'),
(901, 121, 'Regular'),
(901, 122, 'Regular'),
(901, 123, 'Regular'),
(901, 124, 'Regular'),
(902, 120, 'Regular'),
(902, 121, 'Regular'),
(902, 122, 'Regular'),
(902, 123, 'Regular'),
(902, 124, 'Regular'),
(903, 120, 'Regular'),
(903, 121, 'Regular'),
(903, 122, 'Regular'),
(903, 123, 'Regular'),
(903, 124, 'Regular'),
(904, 120, 'Regular'),
(904, 121, 'Regular'),
(904, 122, 'Regular'),
(904, 123, 'Regular'),
(904, 124, 'Regular'),
(905, 120, 'Regular'),
(905, 121, 'Regular'),
(905, 122, 'Regular'),
(905, 123, 'Regular'),
(905, 124, 'Regular'),
(906, 120, 'Regular'),
(906, 121, 'Regular'),
(906, 122, 'Regular'),
(906, 123, 'Regular'),
(906, 124, 'Regular'),
(907, 120, 'Regular'),
(907, 121, 'Regular'),
(907, 122, 'Regular'),
(907, 123, 'Regular'),
(907, 124, 'Regular'),
(908, 120, 'Regular'),
(908, 121, 'Regular'),
(908, 122, 'Regular'),
(908, 123, 'Regular'),
(908, 124, 'Regular'),
(909, 120, 'Regular'),
(909, 121, 'Regular'),
(909, 122, 'Regular'),
(909, 123, 'Regular'),
(909, 124, 'Regular'),
(910, 120, 'Regular'),
(910, 121, 'Regular'),
(910, 122, 'Regular'),
(910, 123, 'Regular'),
(910, 124, 'Regular');

-- --------------------------------------------------------

--
-- Table structure for table `roomtype`
--

CREATE TABLE `roomtype` (
  `type` varchar(20) DEFAULT NULL,
  `price` int(11) DEFAULT NULL
) ENGINE=InnoDB DEFAULT CHARSET=utf8mb4;

--
-- Dumping data for table `roomtype`
--

INSERT INTO `roomtype` (`type`, `price`) VALUES
('Regular', 3000),
('Deluxe', 5000),
('Premium', 7000);

--
-- Indexes for dumped tables
--

--
-- Indexes for table `hotel`
--
ALTER TABLE `hotel`
  ADD PRIMARY KEY (`ID`);

--
-- Indexes for table `hotels_assoc_package`
--
ALTER TABLE `hotels_assoc_package`
  ADD KEY `pid` (`pid`),
  ADD KEY `hid` (`hid`);

--
-- Indexes for table `itinerary`
--
ALTER TABLE `itinerary`
  ADD KEY `fk` (`Pid`);

--
-- Indexes for table `package`
--
ALTER TABLE `package`
  ADD PRIMARY KEY (`ID`);

--
-- Indexes for table `room`
--
ALTER TABLE `room`
  ADD PRIMARY KEY (`hid`,`Room_no`),
  ADD KEY `fk_type` (`type`);

--
-- Indexes for table `roomtype`
--
ALTER TABLE `roomtype`
  ADD KEY `type` (`type`);

--
-- AUTO_INCREMENT for dumped tables
--

--
-- AUTO_INCREMENT for table `hotel`
--
ALTER TABLE `hotel`
  MODIFY `ID` int(11) NOT NULL AUTO_INCREMENT, AUTO_INCREMENT=911;

--
-- Constraints for dumped tables
--

--
-- Constraints for table `hotels_assoc_package`
--
ALTER TABLE `hotels_assoc_package`
  ADD CONSTRAINT `hotels_assoc_package_ibfk_1` FOREIGN KEY (`pid`) REFERENCES `package` (`ID`),
  ADD CONSTRAINT `hotels_assoc_package_ibfk_2` FOREIGN KEY (`hid`) REFERENCES `hotel` (`ID`);

--
-- Constraints for table `room`
--
ALTER TABLE `room`
  ADD CONSTRAINT `room_ibfk_1` FOREIGN KEY (`hid`) REFERENCES `hotel` (`ID`),
  ADD CONSTRAINT `room_ibfk_2` FOREIGN KEY (`type`) REFERENCES `roomtype` (`type`);
COMMIT;

/*!40101 SET CHARACTER_SET_CLIENT=@OLD_CHARACTER_SET_CLIENT */;
/*!40101 SET CHARACTER_SET_RESULTS=@OLD_CHARACTER_SET_RESULTS */;
/*!40101 SET COLLATION_CONNECTION=@OLD_COLLATION_CONNECTION */;
